Vol,Avion,Nom,Pr√©nom,Destination,Piste,Commmandant,Date
1,Boeing;1,Casey,Brittany,Britain;2,West;3,Hale;7,1979-08-23 03:28:32
2,Airbus;2,Evans,Brittany,Germany;3,West;3,Sampson;19,1986-02-21 11:45:24
3,Boeing;1,Clark,Jessica,Britain;2,West;3,Hayden;9,2002-09-20 11:11:05
4,Airbus;2,Peck,Raymond,Britain;2,South;2,Hubbard;12,2009-09-19 15:10:18
5,Airbus;2,Graham,Alejandro,Britain;2,North;1,York;11,2010-09-19 22:23:40
6,Airbus;2,Gomez,Gabriel,France;1,North;1,Johnston;8,2023-02-26 09:27:09
7,Airbus;2,Bentley,Jorge,Belgium;4,West;3,Doyle;5,1977-11-23 19:29:10
8,Airbus;2,Taylor,Charles,Britain;2,West;3,Hubbard;12,2020-02-16 03:53:13
9,Boeing;1,Mccullough,Peter,Belgium;4,East;4,Hale;10,2011-07-08 08:56:40
10,Airbus;2,Thompson,Linda,Italy;5,North;1,Hayden;9,2011-02-26 00:32:34
11,Boeing;1,Ferguson,Julie,Belgium;4,South;2,Hayden;9,1999-12-11 00:15:21
12,Boeing;1,Prince,Maria,France;1,West;3,Mcdonald;20,1997-05-31 23:13:27
13,Airbus;2,Garrison,Amy,Italy;5,West;3,Hale;7,1995-05-08 07:15:02
14,Boeing;1,Davidson,Lori,Britain;2,East;4,Mcclain;6,2002-06-18 16:46:10
15,Airbus;2,Hudson,Vanessa,France;1,West;3,Thompson;14,1999-09-22 10:18:33
16,Boeing;1,Miles,John,France;1,East;4,Hale;7,1979-02-26 20:58:06
17,Boeing;1,Orozco,Richard,Italy;5,West;3,Owens;1,1995-02-18 10:19:50
18,Airbus;2,Smith,Jeffrey,France;1,West;3,Davila;16,1970-09-23 03:06:23
19,Boeing;1,Valentine,Mary,Britain;2,South;2,Hayden;9,2011-10-27 02:25:56
20,Airbus;2,Hammond,Olivia,Britain;2,East;4,Mcclain;6,2002-02-24 18:34:58
21,Boeing;1,Rush,Mario,France;1,South;2,Hubbard;12,1988-02-11 06:27:07
22,Boeing;1,Meza,David,Italy;5,West;3,Hubbard;12,1970-12-10 12:15:55
23,Boeing;1,Rivera,Joshua,France;1,North;1,Doyle;5,1984-02-15 07:03:22
24,Airbus;2,Taylor,Bradley,Germany;3,West;3,Mcclain;6,2002-12-25 15:11:21
25,Airbus;2,Dean,Elizabeth,France;1,South;2,Prince;2,2015-09-11 12:17:18
26,Boeing;1,Gay,Colleen,Italy;5,North;1,Moore;4,1990-03-17 19:14:14
27,Boeing;1,Lee,Brandy,Belgium;4,South;2,Hansen;18,2012-05-21 17:15:51
28,Boeing;1,Goodwin,Ashley,Germany;3,East;4,Mcclain;6,2010-03-02 13:26:28
29,Boeing;1,Burton,Vicki,France;1,West;3,Mcclain;6,2011-09-03 16:29:41
30,Boeing;1,Murphy,Ashley,Belgium;4,North;1,Brown;15,2001-01-21 20:00:00
31,Airbus;2,Robles,Jill,France;1,South;2,Owens;1,1971-06-03 21:02:16
32,Airbus;2,Jones,Mitchell,Britain;2,East;4,Moore;4,2008-08-12 05:46:37
33,Boeing;1,Gonzales,Frederick,Belgium;4,South;2,Hubbard;12,1981-05-14 13:54:56
34,Boeing;1,King,Michelle,Germany;3,West;3,Hayden;9,2013-01-15 22:55:52
35,Boeing;1,Murray,Frances,France;1,West;3,Brown;15,1992-03-23 12:04:20
36,Boeing;1,Gill,Roberta,Italy;5,West;3,Farrell;13,2006-08-18 18:24:58
37,Airbus;2,Mcpherson,Lisa,Germany;3,East;4,Owens;1,2002-10-23 21:28:48
38,Airbus;2,Haas,George,Belgium;4,West;3,Adams;17,1974-11-22 03:16:09
39,Airbus;2,Johns,Mathew,France;1,South;2,Doyle;5,2004-05-22 19:52:55
40,Boeing;1,Michael,Craig,Belgium;4,West;3,Adams;17,1995-12-13 23:42:50
41,Airbus;2,Guzman,Tony,Britain;2,East;4,Moore;4,1995-05-01 00:10:38
42,Airbus;2,Hooper,Erik,France;1,East;4,Prince;2,2024-10-06 02:06:48
43,Airbus;2,Harris,Michael,France;1,South;2,York;11,1974-12-25 07:01:44
44,Boeing;1,Salazar,Thomas,Germany;3,North;1,Mcdonald;20,1992-01-09 08:18:19
45,Airbus;2,Mckenzie,Shirley,Italy;5,North;1,Hale;10,1981-09-17 08:56:01
46,Boeing;1,Beck,Caitlin,Belgium;4,West;3,Davila;16,1982-11-18 06:31:24
47,Boeing;1,Robinson,Daniel,Italy;5,West;3,Hubbard;12,2015-11-25 00:32:59
48,Airbus;2,Wright,Andrea,Italy;5,West;3,Mcclain;6,2011-03-01 17:40:43
49,Boeing;1,Taylor,Erik,Britain;2,North;1,Doyle;5,1985-04-20 02:41:58
50,Boeing;1,Campbell,Jeffrey,Britain;2,West;3,Doyle;5,1989-05-19 04:28:56
51,Airbus;2,Hanson,John,Germany;3,East;4,Mcclain;6,1991-01-10 08:25:53
52,Boeing;1,Jones,Latoya,Britain;2,South;2,Johnston;8,1997-11-30 09:49:01
53,Boeing;1,Gordon,Jerry,Germany;3,West;3,York;11,2003-12-21 14:50:38
54,Airbus;2,Gibbs,Benjamin,France;1,East;4,Adams;17,2016-07-13 17:06:55
55,Boeing;1,Zuniga,Evan,France;1,North;1,Owens;1,2012-07-14 12:14:25
56,Airbus;2,Miller,Stephen,France;1,East;4,Davila;16,1989-01-26 00:03:56
57,Airbus;2,Acosta,Teresa,Germany;3,North;1,York;11,2013-06-21 18:53:55
58,Boeing;1,Smith,Catherine,Germany;3,West;3,Farrell;13,2002-01-28 05:07:44
59,Airbus;2,Estrada,Aaron,Britain;2,East;4,Brown;15,1997-01-23 04:37:54
60,Boeing;1,Pitts,Kevin,France;1,South;2,Hayden;9,1987-04-20 02:17:36
61,Airbus;2,Hickman,Maria,Belgium;4,East;4,Hubbard;12,1977-12-08 13:47:27
62,Boeing;1,Fernandez,Jason,France;1,West;3,Mcclain;6,2005-11-20 03:54:04
63,Boeing;1,Daniels,Andrew,France;1,East;4,Hale;7,2013-07-29 15:19:21
64,Boeing;1,Francis,Jean,France;1,East;4,Doyle;5,1992-08-23 12:06:19
65,Airbus;2,Roberts,Vicki,Germany;3,East;4,Thompson;14,1973-11-07 09:24:15
66,Boeing;1,Hurley,Teresa,Britain;2,South;2,Doyle;5,2005-12-29 16:59:40
67,Airbus;2,Adams,Lauren,France;1,South;2,Doyle;5,2005-03-15 14:08:18
68,Boeing;1,Perez,Jon,Belgium;4,North;1,Abbott;3,2010-08-31 07:19:38
69,Boeing;1,Johnson,Robert,Germany;3,East;4,Prince;2,1997-05-25 21:41:55
70,Boeing;1,Chen,James,France;1,South;2,Owens;1,1971-04-04 09:34:01
71,Airbus;2,Kaufman,Jody,Italy;5,East;4,Hubbard;12,2009-06-20 16:40:50
72,Boeing;1,Henry,Brent,Germany;3,East;4,Brown;15,2001-12-24 12:02:24
73,Airbus;2,Garcia,Kristin,Britain;2,North;1,Farrell;13,2000-09-23 09:01:20
74,Boeing;1,Maddox,Troy,Germany;3,North;1,Davila;16,1997-04-19 07:46:06
75,Boeing;1,Oneill,Carl,France;1,South;2,Abbott;3,1977-11-11 20:44:35
76,Boeing;1,Turner,Susan,Italy;5,East;4,Abbott;3,1984-10-30 21:18:55
77,Boeing;1,Campbell,Jessica,Britain;2,South;2,Johnston;8,1999-05-22 05:11:04
78,Airbus;2,Hodges,Deborah,France;1,South;2,Moore;4,1994-03-06 21:22:40
79,Airbus;2,Wiley,Emily,Belgium;4,West;3,Adams;17,2018-05-25 14:53:44
80,Airbus;2,Vasquez,Lindsey,Belgium;4,South;2,Hayden;9,2010-12-14 13:06:42
81,Boeing;1,Roberts,Timothy,Germany;3,North;1,Hale;10,2007-04-28 11:58:09
82,Airbus;2,Lucero,Christine,Britain;2,South;2,Brown;15,2003-03-11 08:22:01
83,Boeing;1,Adams,Crystal,France;1,East;4,Thompson;14,1983-07-12 20:20:56
84,Airbus;2,Moreno,Karen,Belgium;4,South;2,Sampson;19,1999-10-23 12:35:46
85,Boeing;1,Wilson,Jason,Italy;5,East;4,Prince;2,1970-07-09 01:46:13
86,Boeing;1,Edwards,Diana,France;1,North;1,Adams;17,2009-12-18 17:29:31
87,Airbus;2,Carroll,James,Germany;3,East;4,Mcclain;6,1986-12-26 09:57:51
88,Airbus;2,Hernandez,Roger,Belgium;4,South;2,Mcdonald;20,1974-08-21 21:23:50
89,Boeing;1,Weber,Jodi,Italy;5,South;2,Hubbard;12,1973-05-17 13:40:57
90,Boeing;1,Pena,Christopher,Britain;2,North;1,Moore;4,2024-11-05 17:10:18
91,Airbus;2,Lamb,Virginia,Italy;5,East;4,Abbott;3,1979-09-20 21:57:43
92,Airbus;2,Robinson,Larry,Italy;5,South;2,Hale;10,1975-10-01 00:14:39
93,Boeing;1,Chaney,Kristina,France;1,East;4,Hale;10,2008-04-08 15:32:51
94,Boeing;1,Mccall,William,Germany;3,North;1,Hale;7,1980-05-03 18:53:45
95,Boeing;1,Rasmussen,Rebecca,France;1,East;4,Johnston;8,2011-02-22 10:00:22
96,Airbus;2,Tran,Daniel,Belgium;4,West;3,Owens;1,1979-02-03 06:08:15
97,Airbus;2,Thomas,Andrea,Belgium;4,East;4,Moore;4,2023-12-08 22:27:02
98,Airbus;2,Flores,Olivia,Italy;5,East;4,York;11,1977-08-18 13:25:46
99,Airbus;2,Roberts,Andres,Germany;3,East;4,Mcdonald;20,1998-09-12 17:40:59
100,Airbus;2,Macdonald,Sarah,Britain;2,East;4,Moore;4,2009-09-22 10:19:25
101,Boeing;1,David,Aaron,France;1,North;1,Owens;1,1984-03-16 08:45:51
102,Boeing;1,Alvarez,Robin,Italy;5,South;2,Abbott;3,1982-07-16 15:30:21
103,Airbus;2,Wang,Bruce,France;1,North;1,Hansen;18,1987-12-29 13:04:25
104,Boeing;1,Bennett,Erica,Italy;5,South;2,Prince;2,2021-05-23 00:12:28
105,Airbus;2,Dunn,Laurie,Germany;3,West;3,Doyle;5,1990-04-28 02:08:13
106,Boeing;1,Green,Jocelyn,France;1,East;4,Johnston;8,1990-03-13 15:38:51
107,Boeing;1,Martin,Debra,Britain;2,North;1,Adams;17,1975-01-30 17:18:53
108,Airbus;2,Jenkins,Pamela,Britain;2,East;4,Brown;15,2018-06-17 08:27:03
109,Airbus;2,Thornton,Samantha,Britain;2,East;4,Owens;1,2013-02-04 11:27:01
110,Boeing;1,Pollard,William,Italy;5,South;2,Moore;4,1982-03-17 07:33:13
111,Airbus;2,Beasley,Abigail,Italy;5,North;1,Doyle;5,2022-10-25 17:47:12
112,Airbus;2,Williams,Monica,Germany;3,South;2,Mcdonald;20,2015-02-24 16:38:37
113,Airbus;2,Brown,George,Britain;2,East;4,Moore;4,1987-09-13 06:40:36
114,Airbus;2,Nichols,Brett,France;1,North;1,Mcclain;6,1984-06-28 09:12:43
115,Airbus;2,Montes,Phillip,Britain;2,South;2,Hale;7,2020-11-24 20:18:16
116,Boeing;1,Simon,Michelle,France;1,East;4,Prince;2,2023-10-15 08:50:46
117,Boeing;1,Williams,Jeffrey,France;1,East;4,Abbott;3,2006-01-22 20:47:54
118,Airbus;2,Middleton,Christina,France;1,East;4,Hale;7,1987-12-02 23:53:22
119,Boeing;1,Mahoney,Kathryn,Britain;2,East;4,Hale;7,1997-01-09 01:37:30
120,Boeing;1,Martinez,Jose,Belgium;4,South;2,Johnston;8,2010-09-24 17:20:43
121,Airbus;2,Ray,Justin,Britain;2,West;3,Thompson;14,2016-12-14 12:38:33
122,Airbus;2,Holmes,Desiree,Italy;5,West;3,Hubbard;12,2020-12-23 16:14:23
123,Airbus;2,Wheeler,Timothy,Britain;2,East;4,Davila;16,2018-01-07 18:51:47
124,Boeing;1,Williams,Lisa,Britain;2,West;3,Hubbard;12,1984-05-18 04:59:38
125,Boeing;1,Townsend,Karen,France;1,West;3,Farrell;13,2024-06-17 01:58:25
126,Airbus;2,Flores,Shannon,France;1,West;3,Owens;1,1989-12-08 11:55:34
127,Airbus;2,Hatfield,David,France;1,West;3,Prince;2,1982-09-04 10:29:31
128,Airbus;2,Singleton,William,Italy;5,South;2,Hayden;9,2014-09-08 04:54:10
129,Boeing;1,Benton,Barbara,France;1,East;4,Doyle;5,1998-11-22 18:04:10
130,Boeing;1,Lopez,Adam,Belgium;4,North;1,Hansen;18,1986-11-07 21:39:38
131,Airbus;2,Fry,Heather,France;1,South;2,Johnston;8,1989-01-30 22:23:22
132,Boeing;1,Mercer,Cameron,Germany;3,South;2,Adams;17,2003-09-21 13:52:28
133,Boeing;1,Moses,Victoria,France;1,South;2,Mcclain;6,1991-12-10 03:29:08
134,Airbus;2,Burnett,Veronica,Italy;5,East;4,Farrell;13,2012-01-11 11:20:03
135,Airbus;2,Blevins,Donald,Britain;2,West;3,Prince;2,1989-12-16 23:22:01
136,Boeing;1,Brown,Troy,Italy;5,East;4,Moore;4,2024-08-18 15:54:45
137,Boeing;1,Shields,Joshua,Germany;3,West;3,Mcclain;6,1976-06-04 12:49:19
138,Airbus;2,Rodriguez,Ashley,Germany;3,South;2,Hale;7,1973-11-30 05:39:36
139,Boeing;1,Jones,Anthony,France;1,East;4,Mcclain;6,2001-09-30 04:13:44
140,Airbus;2,Smith,Anthony,France;1,North;1,Abbott;3,1980-03-07 07:28:52
141,Airbus;2,Johnson,Sandra,Belgium;4,North;1,Hayden;9,1980-12-23 17:05:06
142,Boeing;1,Hartman,Adrian,Britain;2,South;2,Moore;4,1982-03-29 00:56:08
143,Airbus;2,Pena,Cynthia,Italy;5,North;1,Thompson;14,1974-04-26 17:33:13
144,Airbus;2,Adams,Elizabeth,Belgium;4,North;1,Davila;16,2015-04-19 08:17:51
145,Boeing;1,Figueroa,Stephen,Belgium;4,North;1,Farrell;13,2010-07-11 01:10:40
146,Airbus;2,Gibson,Christopher,Britain;2,South;2,Thompson;14,1977-10-24 13:11:05
147,Airbus;2,Krueger,Tara,Italy;5,North;1,Moore;4,1989-09-30 12:45:54
148,Airbus;2,Castaneda,Gary,Belgium;4,East;4,York;11,1979-09-03 01:00:51
149,Boeing;1,Miller,Ronald,Britain;2,North;1,Hale;10,1981-09-09 05:32:38
150,Boeing;1,Roberts,Linda,France;1,North;1,Owens;1,1979-10-05 04:26:52
151,Airbus;2,Jones,John,Belgium;4,West;3,Mcclain;6,1992-02-13 23:55:16
152,Boeing;1,Gibson,Paul,Belgium;4,East;4,Moore;4,1970-04-29 11:05:22
153,Boeing;1,Jefferson,Carolyn,France;1,West;3,Hansen;18,1977-10-30 00:57:37
154,Boeing;1,Anderson,Lauren,Belgium;4,South;2,Farrell;13,2018-08-02 12:50:49
155,Airbus;2,Lucas,Patricia,France;1,North;1,Hale;7,1979-05-09 16:37:52
156,Airbus;2,Flores,Elizabeth,Belgium;4,South;2,Hale;7,1987-09-22 08:56:39
157,Boeing;1,Parks,Ryan,Germany;3,North;1,Hale;10,2001-02-24 04:11:13
158,Airbus;2,Vang,Brian,Germany;3,East;4,Adams;17,1974-01-06 12:15:11
159,Boeing;1,Serrano,Catherine,Italy;5,South;2,Hale;10,1991-07-23 01:48:20
160,Airbus;2,Jackson,Leonard,France;1,South;2,Hansen;18,1987-05-20 13:02:18
161,Airbus;2,Alvarez,Kimberly,France;1,South;2,Johnston;8,2005-02-11 22:10:13
162,Boeing;1,Holland,Katherine,Italy;5,South;2,Johnston;8,2020-03-29 19:34:52
163,Boeing;1,Bartlett,Adam,Italy;5,South;2,Hubbard;12,1980-07-19 12:29:40
164,Boeing;1,Oconnor,Robin,Germany;3,West;3,Hale;7,2023-11-21 05:01:12
165,Boeing;1,Wilson,Heather,Germany;3,South;2,Mcdonald;20,1994-08-09 02:22:56
166,Boeing;1,Johnson,Michael,Italy;5,West;3,Adams;17,1970-11-23 07:24:50
167,Airbus;2,Cunningham,Frances,Italy;5,North;1,Abbott;3,1972-01-08 08:58:21
168,Boeing;1,Mccarthy,Emily,Belgium;4,North;1,Mcdonald;20,2004-03-12 04:29:32
169,Airbus;2,Marsh,Linda,Italy;5,South;2,Mcclain;6,2012-08-24 07:38:11
170,Airbus;2,Stafford,Debra,Germany;3,East;4,York;11,2017-03-26 23:22:54
171,Boeing;1,Rodriguez,John,France;1,North;1,Davila;16,2018-04-18 12:18:05
172,Airbus;2,Santiago,Dana,Belgium;4,North;1,Prince;2,1971-07-14 07:20:32
173,Airbus;2,Greene,Angie,Germany;3,South;2,Moore;4,1978-10-25 22:56:44
174,Airbus;2,Miller,Matthew,Britain;2,South;2,Adams;17,1973-08-15 03:02:32
175,Boeing;1,Lin,James,Italy;5,West;3,Moore;4,2018-06-06 17:08:49
176,Airbus;2,Wise,Joanne,Italy;5,West;3,Hubbard;12,2024-03-20 06:43:56
177,Airbus;2,Lopez,Melissa,Belgium;4,North;1,Hubbard;12,1993-10-26 05:51:54
178,Boeing;1,Rios,Christopher,Belgium;4,North;1,York;11,1989-09-27 15:04:20
179,Airbus;2,Fowler,Jesse,France;1,South;2,Brown;15,1995-07-20 02:12:56
180,Boeing;1,Morris,Suzanne,Britain;2,East;4,Abbott;3,2003-08-17 02:03:48
181,Airbus;2,Morrow,Jorge,Britain;2,North;1,Sampson;19,1999-03-27 05:37:42
182,Boeing;1,Martin,Jill,Belgium;4,East;4,Farrell;13,1992-10-01 18:27:51
183,Boeing;1,Myers,David,Italy;5,South;2,Johnston;8,2017-08-22 12:31:09
184,Boeing;1,Taylor,Crystal,Belgium;4,East;4,Hansen;18,2023-07-23 15:19:24
185,Airbus;2,Stevenson,Benjamin,Germany;3,West;3,Hale;10,2022-09-24 06:10:40
186,Airbus;2,Elliott,William,Belgium;4,West;3,Owens;1,2013-09-20 03:45:29
187,Boeing;1,Nicholson,Sean,Germany;3,South;2,Hansen;18,2001-12-24 10:54:45
188,Boeing;1,Fisher,Stephanie,France;1,West;3,Hale;7,2017-12-10 19:15:07
189,Airbus;2,Barnes,Timothy,Germany;3,West;3,Moore;4,1977-04-22 04:43:14
190,Boeing;1,Mcdonald,Travis,Italy;5,South;2,Hubbard;12,1974-06-02 12:40:12
191,Airbus;2,Goodman,Kimberly,Germany;3,West;3,Adams;17,2020-10-15 17:24:27
192,Airbus;2,Grant,Carolyn,Britain;2,South;2,Hale;10,1998-05-25 01:58:26
193,Boeing;1,Graham,William,Germany;3,West;3,Doyle;5,1998-02-21 06:10:48
194,Boeing;1,Greene,Rhonda,Germany;3,South;2,Adams;17,1992-10-19 21:31:19
195,Boeing;1,Nelson,Cynthia,Germany;3,West;3,Davila;16,1984-07-22 04:09:08
196,Airbus;2,Chung,Joshua,Italy;5,East;4,Abbott;3,2013-09-16 03:43:50
197,Airbus;2,Gilbert,Hailey,Germany;3,North;1,Mcdonald;20,1975-07-29 02:35:01
198,Airbus;2,Poole,Lauren,France;1,North;1,York;11,2004-12-06 02:21:05
199,Boeing;1,Wilson,Kara,Britain;2,West;3,Sampson;19,2006-03-27 23:17:50
200,Airbus;2,Johnson,Michael,Germany;3,North;1,Adams;17,1991-08-16 04:43:20
201,Boeing;1,Dean,William,France;1,East;4,Prince;2,2018-08-20 07:32:33
202,Boeing;1,Hernandez,Maurice,Belgium;4,West;3,Abbott;3,2015-12-27 12:42:17
203,Airbus;2,Barnes,Greg,Britain;2,East;4,Thompson;14,2015-10-27 20:33:30
204,Airbus;2,Whitehead,Veronica,France;1,South;2,Farrell;13,1973-04-28 00:53:43
205,Boeing;1,Johnson,Denise,Germany;3,South;2,Hale;7,1978-09-21 06:03:58
206,Boeing;1,Smith,Christina,France;1,South;2,Brown;15,2008-07-25 00:34:03
207,Airbus;2,Young,Joseph,Germany;3,West;3,Davila;16,2004-01-22 14:18:45
208,Airbus;2,Davis,Andrea,Britain;2,North;1,Hale;7,2019-10-14 10:26:17
209,Boeing;1,Anderson,Laura,France;1,North;1,Moore;4,1976-11-07 00:49:50
210,Airbus;2,Pitts,Samantha,France;1,South;2,Hayden;9,1982-12-23 05:14:09
211,Airbus;2,Johnson,Michael,France;1,North;1,Owens;1,1983-01-31 14:29:57
212,Airbus;2,Gonzales,Katherine,Britain;2,South;2,York;11,1983-07-02 17:54:51
213,Boeing;1,Duncan,John,Germany;3,East;4,Johnston;8,2015-11-25 23:37:19
214,Airbus;2,Reyes,Steven,Italy;5,East;4,Thompson;14,2022-09-11 20:30:10
215,Boeing;1,Ward,Suzanne,Britain;2,North;1,Hayden;9,1997-02-10 19:31:02
216,Boeing;1,Ward,Patrick,Italy;5,North;1,Hale;10,1983-05-09 16:22:26
217,Airbus;2,Meza,Victoria,Germany;3,North;1,York;11,1987-08-03 22:15:23
218,Airbus;2,Alvarez,Rhonda,Italy;5,South;2,Hubbard;12,2022-04-11 16:03:28
219,Boeing;1,Fisher,Carla,France;1,West;3,Hubbard;12,1990-01-23 03:30:34
220,Boeing;1,Hawkins,Wendy,Belgium;4,North;1,Hayden;9,1990-09-06 17:04:33
221,Airbus;2,Taylor,Mario,France;1,South;2,Hubbard;12,1973-11-29 09:42:25
222,Airbus;2,Andrews,Michelle,Belgium;4,North;1,Doyle;5,1985-03-28 05:24:39
223,Boeing;1,Rodriguez,Gregory,France;1,West;3,York;11,2014-01-15 13:17:01
224,Airbus;2,White,Melissa,Italy;5,East;4,Sampson;19,1993-01-26 21:19:16
225,Airbus;2,Stokes,Jacqueline,Belgium;4,North;1,Thompson;14,2023-06-06 22:08:39
226,Boeing;1,Perez,Jacob,Germany;3,North;1,York;11,2011-12-16 23:42:27
227,Boeing;1,Caldwell,Jonathan,Germany;3,North;1,Abbott;3,1999-07-29 10:28:45
228,Airbus;2,Fernandez,Daisy,France;1,East;4,Hansen;18,1979-10-24 19:00:25
229,Airbus;2,Townsend,Stephanie,Britain;2,North;1,Moore;4,2021-04-04 19:59:25
230,Boeing;1,Luna,Misty,France;1,North;1,Farrell;13,1974-02-27 19:18:22
231,Airbus;2,Miller,Manuel,Italy;5,East;4,Mcdonald;20,2007-04-22 04:45:46
232,Boeing;1,Daniels,Kevin,Germany;3,West;3,Adams;17,2022-06-17 07:01:02
233,Airbus;2,Martinez,John,Britain;2,North;1,Hayden;9,1988-11-22 03:09:44
234,Boeing;1,Hubbard,Daniel,Britain;2,East;4,Farrell;13,1990-07-14 18:18:25
235,Boeing;1,Swanson,Isaiah,Germany;3,North;1,Farrell;13,2016-09-28 13:48:52
236,Boeing;1,Warner,Brooke,Belgium;4,South;2,Farrell;13,1972-04-14 08:27:05
237,Airbus;2,Gonzales,Benjamin,Italy;5,West;3,Moore;4,2022-08-07 21:42:45
238,Boeing;1,Fitzpatrick,David,France;1,North;1,Hayden;9,2004-09-03 08:21:10
239,Airbus;2,Rangel,Jared,Italy;5,North;1,York;11,2015-08-27 04:50:24
240,Airbus;2,Wilson,Jenna,Belgium;4,North;1,Mcclain;6,2020-04-15 06:44:26
241,Airbus;2,Terrell,Jeff,Britain;2,East;4,Abbott;3,2002-04-30 11:48:39
242,Airbus;2,Gomez,Daryl,Belgium;4,East;4,Hansen;18,1979-06-23 15:15:02
243,Boeing;1,Castro,Tammie,France;1,North;1,Johnston;8,2015-10-19 20:05:13
244,Airbus;2,Thomas,Jimmy,Germany;3,West;3,Hansen;18,1972-03-04 04:30:29
245,Boeing;1,Ward,Michael,Belgium;4,West;3,Johnston;8,2017-06-03 05:15:04
246,Boeing;1,Sparks,Paul,Germany;3,West;3,Brown;15,2012-04-14 23:12:14
247,Boeing;1,Smith,Sara,Germany;3,West;3,Hale;7,2023-05-30 04:16:09
248,Airbus;2,Spencer,James,Italy;5,East;4,Mcclain;6,2019-02-02 15:57:28
249,Boeing;1,Bradford,Justin,France;1,North;1,Brown;15,1990-06-02 11:49:28
250,Airbus;2,Gonzalez,Kyle,Germany;3,East;4,Davila;16,2005-04-30 23:37:57
251,Airbus;2,Martinez,Matthew,Britain;2,East;4,Johnston;8,1994-07-24 02:39:05
252,Boeing;1,Long,Jessica,Britain;2,South;2,Brown;15,1985-08-17 22:55:53
253,Airbus;2,Garcia,Mary,Britain;2,West;3,Farrell;13,1986-11-13 13:48:08
254,Airbus;2,Flowers,Anthony,Germany;3,East;4,Adams;17,2016-07-29 03:29:27
255,Airbus;2,Stewart,Susan,France;1,East;4,Hansen;18,1984-12-22 15:52:34
256,Airbus;2,Farley,Alec,Italy;5,East;4,Hubbard;12,1992-10-23 16:22:45
257,Airbus;2,Mullen,Todd,Germany;3,West;3,Hansen;18,1987-06-22 21:46:49
258,Airbus;2,Knox,Stephanie,France;1,North;1,York;11,1985-10-28 17:53:53
259,Airbus;2,Morse,Mitchell,Britain;2,East;4,Thompson;14,1998-09-10 22:29:00
260,Boeing;1,Baker,David,Germany;3,West;3,Farrell;13,1995-02-07 05:39:13
261,Boeing;1,Thomas,Matthew,Belgium;4,South;2,Adams;17,1976-04-18 00:19:06
262,Airbus;2,Williams,George,France;1,North;1,Sampson;19,2012-06-25 00:59:09
263,Boeing;1,Miller,Jessica,Belgium;4,North;1,Johnston;8,2012-01-08 09:26:03
264,Boeing;1,Calhoun,Cheryl,Belgium;4,South;2,Mcdonald;20,1975-08-13 11:27:08
265,Boeing;1,Peters,Andrea,France;1,South;2,Adams;17,2013-03-06 22:43:12
266,Airbus;2,Larsen,Patrick,Britain;2,East;4,Hansen;18,1977-08-09 18:51:01
267,Airbus;2,Davis,Christine,France;1,North;1,Moore;4,1971-11-14 03:26:58
268,Boeing;1,Lynch,Kaylee,Germany;3,West;3,Davila;16,1986-11-24 20:21:40
269,Boeing;1,Choi,Zachary,Germany;3,South;2,Moore;4,1978-07-27 04:22:30
270,Boeing;1,Newman,George,Italy;5,South;2,Abbott;3,2007-08-15 18:43:06
271,Airbus;2,Burke,Erin,Germany;3,North;1,Thompson;14,2000-03-01 00:23:45
272,Airbus;2,Davis,Jessica,Britain;2,North;1,Hayden;9,1996-01-14 04:11:08
273,Boeing;1,Clark,Christopher,Germany;3,North;1,Mcclain;6,1999-01-26 20:26:44
274,Airbus;2,Hall,Misty,Germany;3,West;3,York;11,1990-06-12 11:50:00
275,Airbus;2,Dunn,James,Belgium;4,West;3,Abbott;3,2012-07-03 02:13:46
276,Boeing;1,Mitchell,Nathan,Italy;5,South;2,Davila;16,2009-10-18 23:19:03
277,Boeing;1,Schmitt,William,Germany;3,South;2,Brown;15,1971-06-09 22:45:13
278,Airbus;2,Webb,Kayla,Britain;2,West;3,Moore;4,1983-05-08 10:10:44
279,Boeing;1,Maxwell,Debra,France;1,South;2,York;11,2019-10-15 04:13:03
280,Airbus;2,Scott,Andrew,Germany;3,East;4,Prince;2,1982-10-02 09:53:54
281,Airbus;2,Green,Willie,France;1,West;3,Thompson;14,1985-05-23 17:37:16
282,Airbus;2,Johnson,Erica,Belgium;4,East;4,Brown;15,1991-02-22 04:10:52
283,Boeing;1,Gardner,Kyle,France;1,West;3,Farrell;13,1974-01-16 20:51:08
284,Airbus;2,Huber,Kristin,Belgium;4,East;4,Hubbard;12,1994-08-07 19:03:15
285,Boeing;1,Ashley,Sarah,Britain;2,South;2,Mcclain;6,1988-03-23 01:18:28
286,Boeing;1,Todd,Crystal,Britain;2,South;2,York;11,2000-03-30 20:49:02
287,Airbus;2,Scott,Leonard,Italy;5,West;3,Davila;16,1983-11-05 01:15:35
288,Boeing;1,Gay,Anna,Germany;3,West;3,Abbott;3,2014-04-14 10:21:22
289,Airbus;2,Wolfe,Cynthia,France;1,North;1,York;11,1984-03-24 05:38:05
290,Boeing;1,Lopez,Cynthia,France;1,East;4,Brown;15,1983-02-14 04:12:39
291,Airbus;2,Nelson,Kristine,Britain;2,East;4,Abbott;3,1971-02-22 16:16:58
292,Boeing;1,Jones,Raven,France;1,South;2,Hayden;9,1998-08-25 16:08:19
293,Boeing;1,Thomas,Brittany,Italy;5,East;4,Hale;7,1979-09-08 06:34:21
294,Boeing;1,Wilson,Nancy,France;1,East;4,Abbott;3,2016-09-26 10:20:42
295,Boeing;1,Miller,Shari,Belgium;4,North;1,Mcdonald;20,2012-10-12 09:15:09
296,Airbus;2,Gibson,Brian,Germany;3,West;3,Mcdonald;20,1973-11-06 16:13:11
297,Airbus;2,Wall,John,Germany;3,East;4,Hayden;9,2023-10-16 20:55:52
298,Boeing;1,Cook,Connie,Germany;3,North;1,Davila;16,2008-05-26 02:54:21
299,Airbus;2,Torres,Lee,Britain;2,North;1,Davila;16,1999-07-16 12:25:23
300,Boeing;1,Randolph,Darrell,Germany;3,North;1,Moore;4,1995-10-16 02:00:46
301,Boeing;1,Steele,Matthew,Germany;3,West;3,Johnston;8,1971-10-13 04:41:26
302,Airbus;2,Richardson,Edwin,Belgium;4,East;4,Sampson;19,2010-01-03 11:20:35
303,Boeing;1,Weiss,Jennifer,Italy;5,South;2,Sampson;19,2008-10-12 01:47:40
304,Boeing;1,Oliver,Frank,Britain;2,South;2,Hale;10,1995-01-10 17:54:08
305,Boeing;1,Myers,Stacey,Belgium;4,South;2,Doyle;5,1973-05-01 21:10:43
306,Airbus;2,Figueroa,Jesse,Germany;3,North;1,Thompson;14,1991-10-14 10:48:01
307,Boeing;1,Palmer,Melissa,Germany;3,North;1,Hale;7,1996-12-21 17:09:03
308,Boeing;1,Choi,Leonard,Belgium;4,West;3,Farrell;13,2015-04-16 00:12:02
309,Airbus;2,Phillips,Tiffany,Italy;5,West;3,Owens;1,1970-08-02 17:45:19
310,Airbus;2,Smith,Kenneth,Belgium;4,North;1,Adams;17,2010-09-01 10:17:02
311,Airbus;2,Ortiz,Brittany,Belgium;4,South;2,Sampson;19,1986-10-07 05:11:39
312,Airbus;2,Miller,Gordon,Britain;2,North;1,Hansen;18,1989-08-23 18:22:08
313,Airbus;2,Chan,Rebecca,France;1,West;3,Moore;4,2001-06-23 05:57:41
314,Airbus;2,Hall,James,France;1,East;4,Brown;15,1992-07-19 08:52:09
315,Airbus;2,Mccarty,Louis,Germany;3,North;1,Hubbard;12,1992-01-08 09:12:07
316,Airbus;2,Ochoa,Thomas,Germany;3,West;3,Hubbard;12,2013-02-20 18:54:08
317,Airbus;2,Werner,Adam,Britain;2,South;2,Hale;10,1995-09-26 13:40:45
318,Airbus;2,Ward,Eric,Germany;3,North;1,Prince;2,1985-09-23 04:43:09
319,Boeing;1,Foster,Michael,France;1,South;2,Hansen;18,2007-06-29 10:17:36
320,Airbus;2,Harper,Brandi,Britain;2,West;3,Owens;1,1971-01-25 15:31:13
321,Airbus;2,Wolf,Glenn,Germany;3,East;4,Johnston;8,1998-12-02 20:22:58
322,Airbus;2,Skinner,Amber,Italy;5,North;1,Hale;10,2023-06-29 05:13:07
323,Boeing;1,Scott,Christopher,France;1,North;1,Owens;1,1980-02-04 23:02:21
324,Airbus;2,Burke,Patricia,Germany;3,North;1,Sampson;19,2005-10-10 20:15:01
325,Airbus;2,Sanchez,Valerie,Britain;2,West;3,Adams;17,1987-02-18 07:53:44
326,Boeing;1,Gray,Amanda,Belgium;4,West;3,Hayden;9,1992-07-29 19:36:48
327,Boeing;1,Young,Karen,France;1,East;4,Thompson;14,1971-12-22 13:22:28
328,Airbus;2,Cross,Pamela,Italy;5,South;2,Mcclain;6,2011-03-14 19:10:23
329,Boeing;1,Hull,Jason,Britain;2,South;2,Hale;7,1986-09-22 19:49:05
330,Airbus;2,Duarte,Christopher,France;1,North;1,Hansen;18,2021-09-25 17:36:07
331,Airbus;2,Gomez,Bradley,Italy;5,West;3,Thompson;14,2011-08-09 02:29:59
332,Boeing;1,Love,Randy,Britain;2,East;4,Hale;10,2003-12-14 10:23:42
333,Airbus;2,Torres,Robert,France;1,East;4,Moore;4,2010-03-09 11:45:55
334,Airbus;2,Castro,Shawn,Britain;2,East;4,Doyle;5,1985-03-14 05:21:07
335,Boeing;1,Brown,Eddie,Britain;2,West;3,Prince;2,2014-05-16 05:13:40
336,Airbus;2,Hernandez,David,Italy;5,North;1,Sampson;19,1986-09-23 00:03:58
337,Boeing;1,Wilson,Theresa,Belgium;4,South;2,Adams;17,1992-06-20 16:58:51
338,Boeing;1,Mendoza,Cindy,Britain;2,South;2,Doyle;5,2023-07-25 06:28:43
339,Boeing;1,Ellis,Christopher,Germany;3,West;3,Davila;16,2004-02-16 11:45:05
340,Boeing;1,Oneill,Rachel,Belgium;4,West;3,Davila;16,1988-09-15 08:49:40
341,Airbus;2,Bates,Sophia,Germany;3,West;3,Hale;7,1978-02-13 11:36:39
342,Airbus;2,Stevens,Megan,Britain;2,South;2,Abbott;3,2015-12-19 12:04:57
343,Airbus;2,Bridges,Michele,Germany;3,West;3,Hubbard;12,2010-11-21 14:29:15
344,Airbus;2,Chen,Nicole,Britain;2,South;2,Abbott;3,1980-03-01 15:32:25
345,Boeing;1,Smith,Jacob,Belgium;4,West;3,Hubbard;12,2011-09-09 07:28:47
346,Boeing;1,Smith,Judith,Belgium;4,West;3,Farrell;13,2020-01-22 14:05:10
347,Boeing;1,Parsons,Jason,Germany;3,North;1,Hansen;18,2001-06-20 22:55:57
348,Boeing;1,Robinson,Stacy,Italy;5,South;2,Prince;2,2023-10-27 03:16:40
349,Boeing;1,Martin,Patrick,Germany;3,North;1,Davila;16,2018-08-04 10:45:08
350,Airbus;2,Mann,Alexander,Italy;5,West;3,Hayden;9,2002-05-31 18:38:26
351,Airbus;2,Sullivan,Roy,Germany;3,South;2,York;11,1999-06-09 00:40:46
352,Boeing;1,Patterson,Melissa,Belgium;4,West;3,Mcclain;6,1974-04-28 03:02:45
353,Airbus;2,Haney,Danny,Germany;3,North;1,Davila;16,1981-07-29 15:11:15
354,Boeing;1,Archer,Alex,Belgium;4,North;1,Prince;2,2014-04-23 05:03:17
355,Airbus;2,Conley,Chelsea,Italy;5,West;3,Abbott;3,1984-07-04 11:55:18
356,Boeing;1,Carter,Andrea,Germany;3,East;4,Farrell;13,1981-03-24 02:44:46
357,Boeing;1,Brock,Nichole,Britain;2,South;2,Abbott;3,1989-11-01 08:57:12
358,Boeing;1,Clark,Leslie,Britain;2,North;1,Hayden;9,1996-02-19 02:46:17
359,Boeing;1,Johnson,Joshua,Britain;2,West;3,Adams;17,1977-07-22 02:40:17
360,Airbus;2,Harrison,Briana,Italy;5,North;1,Owens;1,1971-10-20 22:45:32
361,Boeing;1,Long,Carol,Germany;3,East;4,Hansen;18,1973-08-03 09:50:32
362,Boeing;1,Francis,Teresa,Britain;2,South;2,Hayden;9,2003-08-07 05:55:51
363,Airbus;2,Chandler,Brandon,Italy;5,South;2,Doyle;5,1993-03-23 23:40:33
364,Airbus;2,Williams,Steven,France;1,South;2,Hayden;9,1996-05-31 11:42:27
365,Boeing;1,Jackson,Glenn,Germany;3,West;3,Mcdonald;20,2013-03-08 20:12:42
366,Airbus;2,Rivera,Daniel,France;1,North;1,Hubbard;12,1989-01-22 08:47:42
367,Boeing;1,Hale,Kevin,France;1,South;2,Johnston;8,2009-03-17 17:23:16
368,Airbus;2,Green,Valerie,Germany;3,North;1,Hale;7,2003-12-16 07:32:41
369,Airbus;2,Bailey,Andrea,Belgium;4,West;3,Adams;17,1981-03-13 13:32:19
370,Boeing;1,Moses,Tara,Italy;5,North;1,Doyle;5,2004-05-30 00:45:35
371,Boeing;1,Hernandez,Michelle,Belgium;4,East;4,Prince;2,2000-01-09 15:42:57
372,Boeing;1,Rodriguez,Vickie,Britain;2,North;1,Abbott;3,1990-06-20 11:23:02
373,Boeing;1,Duke,Roberto,Britain;2,South;2,Doyle;5,1973-10-19 11:43:15
374,Boeing;1,Robles,Bethany,Italy;5,West;3,Farrell;13,1980-10-22 17:19:15
375,Boeing;1,Fletcher,Shari,Germany;3,East;4,Farrell;13,1975-08-29 16:22:25
376,Airbus;2,Bradshaw,Scott,Belgium;4,South;2,York;11,1982-06-26 06:15:07
377,Boeing;1,Macias,Mary,Italy;5,West;3,Hayden;9,1980-09-17 22:35:56
378,Airbus;2,Villegas,Leslie,France;1,South;2,Mcdonald;20,2010-12-31 08:26:41
379,Boeing;1,Braun,Rachael,France;1,West;3,Owens;1,2021-05-26 00:32:16
380,Airbus;2,Gonzales,Clayton,Germany;3,West;3,Moore;4,1971-01-26 08:20:09
381,Airbus;2,Washington,Keith,Italy;5,North;1,Davila;16,2010-05-22 10:31:04
382,Boeing;1,Rush,Krystal,Italy;5,West;3,Thompson;14,1976-07-02 21:15:19
383,Airbus;2,Fields,Jeremy,Britain;2,North;1,Moore;4,1997-06-20 05:23:03
384,Boeing;1,Johnson,Edward,Belgium;4,South;2,Moore;4,2021-01-23 11:24:40
385,Airbus;2,Franklin,Paula,Germany;3,West;3,Johnston;8,1981-07-06 10:21:52
386,Airbus;2,Allen,Pamela,Belgium;4,East;4,Brown;15,2012-06-15 15:33:58
387,Boeing;1,Singh,Daisy,Belgium;4,East;4,Hale;7,2011-07-11 01:51:43
388,Boeing;1,Adams,Dillon,Britain;2,West;3,Adams;17,2009-08-07 08:54:35
389,Airbus;2,Scott,Miguel,Germany;3,South;2,Hayden;9,2019-10-03 16:07:37
390,Airbus;2,Mitchell,Leslie,Italy;5,South;2,Owens;1,1992-04-13 17:37:51
391,Boeing;1,Alexander,Christina,Italy;5,South;2,Prince;2,1979-01-04 22:24:03
392,Airbus;2,Chase,Margaret,Germany;3,North;1,Hansen;18,2010-05-24 15:05:05
393,Airbus;2,Cohen,Brian,Belgium;4,East;4,Prince;2,2023-07-21 01:16:15
394,Airbus;2,Allen,Jonathan,Italy;5,West;3,Hubbard;12,2018-02-23 09:02:58
395,Airbus;2,Williams,Jacqueline,Britain;2,South;2,Hale;7,2017-02-20 10:27:04
396,Airbus;2,Johnston,James,Britain;2,North;1,Doyle;5,1981-10-25 17:53:26
397,Boeing;1,Velasquez,Gina,Britain;2,South;2,Hansen;18,1994-12-17 15:59:29
398,Airbus;2,Grant,Johnny,Germany;3,South;2,Thompson;14,1985-04-15 14:43:31
399,Boeing;1,Barr,Diamond,Germany;3,East;4,Thompson;14,1972-04-25 02:12:48
400,Airbus;2,Larson,Melissa,Italy;5,West;3,Hayden;9,1995-01-16 15:41:51
401,Airbus;2,Kim,Jasmine,France;1,South;2,Thompson;14,1984-10-27 22:11:00
402,Airbus;2,Cox,Amanda,Britain;2,West;3,Prince;2,1976-06-22 11:03:55
403,Airbus;2,Hayes,Robert,Belgium;4,East;4,Hale;10,1993-07-15 14:22:35
404,Boeing;1,Sullivan,Charles,Germany;3,West;3,Farrell;13,2000-07-10 00:33:48
405,Boeing;1,Villa,Kimberly,Belgium;4,South;2,Moore;4,1980-02-14 09:29:47
406,Airbus;2,Fowler,Brent,Belgium;4,East;4,Adams;17,1988-04-20 22:40:13
407,Airbus;2,Poole,Matthew,Germany;3,East;4,Hayden;9,1992-02-14 15:29:13
408,Airbus;2,Burton,Tara,Britain;2,West;3,Moore;4,2010-04-20 00:54:11
409,Airbus;2,Taylor,Christina,Britain;2,East;4,Adams;17,2021-03-10 22:32:19
410,Boeing;1,Ewing,Melanie,Britain;2,South;2,Thompson;14,2006-08-22 18:06:14
411,Boeing;1,Hunt,Joanna,Germany;3,North;1,Hubbard;12,2001-08-14 22:32:13
412,Airbus;2,Cardenas,Loretta,Britain;2,North;1,Hansen;18,1981-07-25 18:27:58
413,Boeing;1,Patel,Stephanie,France;1,West;3,Farrell;13,1973-12-13 21:46:47
414,Boeing;1,Snyder,Sharon,France;1,South;2,Hale;7,2003-12-04 21:01:40
415,Airbus;2,Smith,Veronica,Germany;3,West;3,Hayden;9,1980-02-25 11:07:15
416,Airbus;2,Velasquez,Kimberly,Germany;3,North;1,Hubbard;12,1999-03-17 18:06:19
417,Boeing;1,Johnson,Eric,Britain;2,East;4,Davila;16,1985-07-05 02:32:06
418,Airbus;2,Reilly,Albert,Germany;3,East;4,Mcdonald;20,2015-03-02 21:35:05
419,Airbus;2,Noble,Natasha,France;1,North;1,Abbott;3,2005-02-12 14:24:21
420,Airbus;2,Santos,William,Italy;5,South;2,Owens;1,1989-07-01 17:00:16
421,Boeing;1,Mccullough,Louis,Italy;5,West;3,Mcclain;6,1991-10-16 01:13:10
422,Boeing;1,Brown,Cathy,Germany;3,North;1,Owens;1,1979-08-07 00:45:21
423,Airbus;2,Rodriguez,Kayla,Italy;5,East;4,Hansen;18,1983-09-17 03:37:24
424,Airbus;2,Padilla,Alexandra,Germany;3,South;2,Johnston;8,1981-05-21 16:16:14
425,Airbus;2,Williams,Rachael,Belgium;4,East;4,Hale;10,2003-09-28 13:17:41
426,Boeing;1,Smith,Corey,Germany;3,East;4,Hale;7,1974-08-23 17:06:54
427,Boeing;1,Johnson,Crystal,Belgium;4,North;1,Hansen;18,2005-12-04 00:59:44
428,Boeing;1,Anderson,Linda,Italy;5,North;1,Mcclain;6,1990-07-21 06:16:04
429,Boeing;1,Gutierrez,Mark,France;1,North;1,Hayden;9,1982-11-06 08:51:43
430,Airbus;2,Brown,Kelly,Belgium;4,West;3,Mcdonald;20,1986-06-09 06:14:11
431,Boeing;1,Robinson,Paul,France;1,West;3,Mcclain;6,2019-11-27 00:49:53
432,Boeing;1,Miller,Larry,Germany;3,North;1,Hale;7,2015-04-11 16:15:06
433,Boeing;1,Huang,Susan,Germany;3,West;3,Farrell;13,2001-02-25 08:28:30
434,Boeing;1,Snow,Anthony,Britain;2,West;3,Owens;1,1996-07-25 15:40:02
435,Boeing;1,Brown,Katrina,France;1,North;1,Johnston;8,2008-02-19 02:58:15
436,Airbus;2,Mckee,Margaret,Belgium;4,West;3,Prince;2,1974-07-31 15:19:28
437,Boeing;1,Mcdowell,Kimberly,Belgium;4,North;1,Hayden;9,1995-07-14 09:28:46
438,Airbus;2,Barnes,Brent,Britain;2,South;2,Moore;4,2018-09-26 18:59:57
439,Boeing;1,Day,Joshua,France;1,South;2,Mcclain;6,2013-05-07 13:43:00
440,Airbus;2,Carey,Dakota,France;1,North;1,Brown;15,1971-04-08 00:57:07
441,Boeing;1,West,Deborah,France;1,North;1,Sampson;19,2013-08-08 11:20:15
442,Airbus;2,Jennings,Julie,Italy;5,North;1,Thompson;14,2016-02-14 04:05:37
443,Airbus;2,Hodge,Allison,Britain;2,West;3,Brown;15,1983-12-30 21:43:52
444,Boeing;1,Sullivan,Collin,Belgium;4,South;2,Brown;15,1976-10-01 14:05:36
445,Airbus;2,Dean,Donna,France;1,West;3,Prince;2,2001-04-06 21:56:08
446,Boeing;1,Rollins,Bobby,France;1,North;1,Hale;10,1981-07-28 11:01:55
447,Airbus;2,Santiago,Jason,Belgium;4,West;3,Owens;1,1993-12-26 13:13:43
448,Airbus;2,Cunningham,Yvonne,Germany;3,East;4,Hubbard;12,2011-12-01 11:15:00
449,Boeing;1,Shaffer,Donald,Britain;2,South;2,Owens;1,1994-07-04 12:37:55
450,Airbus;2,Moore,Ashlee,Belgium;4,East;4,Hale;7,2017-11-12 12:24:04
451,Airbus;2,Strickland,Rachel,France;1,North;1,Hale;10,2002-12-30 23:26:41
452,Airbus;2,Parker,Jennifer,Italy;5,West;3,Mcclain;6,1990-04-24 13:59:15
453,Boeing;1,Foley,Dustin,Britain;2,East;4,Hayden;9,1987-04-25 21:40:00
454,Airbus;2,Zavala,Heather,Italy;5,North;1,Thompson;14,1984-10-08 06:32:32
455,Boeing;1,Young,Brandi,France;1,North;1,Hale;10,2024-04-25 21:51:38
456,Boeing;1,Jones,Samantha,Germany;3,West;3,Davila;16,1977-08-20 09:05:40
457,Airbus;2,Goodwin,Amanda,Britain;2,South;2,Mcdonald;20,2022-09-17 18:14:54
458,Airbus;2,Barrett,Christina,Germany;3,West;3,Davila;16,1995-03-16 03:08:14
459,Airbus;2,Simpson,Jared,Germany;3,West;3,Hale;10,2004-05-19 21:42:13
460,Boeing;1,Webster,Richard,Germany;3,South;2,Prince;2,1993-06-08 07:26:18
461,Airbus;2,Warren,Katrina,Italy;5,East;4,Hayden;9,2010-03-25 05:56:37
462,Airbus;2,Patrick,Stacey,France;1,East;4,Thompson;14,2015-09-10 09:07:30
463,Airbus;2,Wilson,Melissa,Germany;3,East;4,Owens;1,1989-12-03 03:48:18
464,Airbus;2,Contreras,Barbara,France;1,West;3,Hayden;9,2006-08-26 18:27:36
465,Boeing;1,Johnson,Rhonda,Italy;5,West;3,Johnston;8,1972-09-18 21:05:14
466,Airbus;2,English,Carol,Germany;3,North;1,Doyle;5,1972-04-14 22:15:55
467,Airbus;2,Fields,Joshua,Belgium;4,West;3,Owens;1,2021-12-11 05:25:02
468,Boeing;1,Huff,Mary,Belgium;4,East;4,Hansen;18,1976-06-01 14:55:08
469,Airbus;2,Smith,Sara,Germany;3,North;1,Moore;4,2009-07-11 05:20:04
470,Boeing;1,Alvarez,Russell,Germany;3,North;1,Doyle;5,1974-09-02 05:01:44
471,Boeing;1,Jones,Todd,Germany;3,East;4,Owens;1,1971-06-17 08:55:53
472,Airbus;2,Garcia,Parker,Italy;5,South;2,Davila;16,1993-07-31 10:13:30
473,Airbus;2,Casey,Tyler,Italy;5,South;2,Owens;1,1972-03-16 23:10:47
474,Airbus;2,Rose,Pamela,Britain;2,North;1,Johnston;8,1988-03-03 23:49:39
475,Airbus;2,Manning,Brett,Germany;3,East;4,Owens;1,2006-05-23 16:04:02
476,Airbus;2,Ward,Amber,Germany;3,South;2,Hale;10,2003-02-17 16:26:43
477,Airbus;2,Goodwin,Laura,Belgium;4,South;2,Hansen;18,2010-08-29 02:40:34
478,Boeing;1,Alvarez,Melanie,France;1,North;1,Farrell;13,1995-07-20 18:59:06
479,Airbus;2,Martinez,Savannah,France;1,South;2,Hayden;9,1983-10-23 22:52:55
480,Boeing;1,Harris,Jennifer,Italy;5,North;1,York;11,2000-01-20 15:54:47
481,Boeing;1,Armstrong,Jessica,Germany;3,West;3,Sampson;19,2008-07-15 10:01:39
482,Boeing;1,Foley,Joseph,Germany;3,West;3,Davila;16,1993-08-17 22:29:17
483,Boeing;1,Flores,Justin,Germany;3,North;1,Mcdonald;20,2016-10-30 01:29:23
484,Boeing;1,Colon,James,Germany;3,East;4,Hubbard;12,1974-05-03 10:24:34
485,Boeing;1,Garcia,Jacqueline,Britain;2,South;2,Sampson;19,1996-05-29 02:22:02
486,Airbus;2,Kent,Sherri,Britain;2,West;3,York;11,1972-01-23 12:46:19
487,Airbus;2,Garcia,Walter,Italy;5,North;1,Mcdonald;20,1970-05-08 17:53:45
488,Airbus;2,Nicholson,Megan,Belgium;4,West;3,Hale;7,1990-10-15 11:15:50
489,Boeing;1,Taylor,Claire,Italy;5,West;3,Hale;7,2013-11-13 21:49:03
490,Boeing;1,Fuentes,Amy,Germany;3,East;4,Mcclain;6,2015-02-14 22:08:52
491,Airbus;2,Hicks,Paul,Italy;5,East;4,Mcclain;6,2013-08-11 19:58:36
492,Boeing;1,Buchanan,Danielle,France;1,East;4,Hubbard;12,1998-10-30 20:52:21
493,Airbus;2,Jennings,Tonya,Britain;2,South;2,Hayden;9,1987-04-04 00:44:29
494,Boeing;1,Smith,Thomas,France;1,West;3,Farrell;13,1995-09-16 00:54:59
495,Boeing;1,Taylor,Alexandria,Britain;2,South;2,York;11,1993-09-17 06:01:20
496,Boeing;1,Ponce,John,Germany;3,North;1,Prince;2,1993-03-11 22:16:16
497,Boeing;1,Bowman,Beverly,Italy;5,East;4,Moore;4,2013-03-28 03:46:59
498,Boeing;1,Taylor,Caleb,Germany;3,West;3,Johnston;8,1973-10-24 13:24:47
499,Airbus;2,Burke,Cynthia,Belgium;4,South;2,Mcclain;6,1980-12-24 03:00:34
500,Airbus;2,Macdonald,Christopher,France;1,North;1,York;11,2000-11-09 17:43:01
501,Airbus;2,Jimenez,William,Italy;5,East;4,Adams;17,1987-05-12 08:09:08
502,Airbus;2,Gonzalez,Joseph,Britain;2,East;4,Thompson;14,2006-12-17 20:14:18
503,Boeing;1,Bernard,Angela,France;1,West;3,Brown;15,1998-04-05 01:14:43
504,Airbus;2,Espinoza,Hannah,Germany;3,North;1,Davila;16,1994-04-30 05:39:15
505,Boeing;1,Anderson,Amber,Belgium;4,South;2,Hansen;18,2017-06-12 22:01:13
506,Airbus;2,Holt,Jo,Italy;5,West;3,Hale;10,1996-07-17 21:12:47
507,Boeing;1,Spence,Stephanie,France;1,North;1,Farrell;13,2005-09-22 03:20:03
508,Airbus;2,Martinez,Brandon,Italy;5,South;2,Owens;1,1974-04-25 01:37:07
509,Boeing;1,Taylor,David,Germany;3,South;2,Doyle;5,1991-09-05 01:24:58
510,Airbus;2,Williams,Daniel,Belgium;4,East;4,Moore;4,1976-02-28 05:43:02
511,Airbus;2,Wright,Nicole,Belgium;4,North;1,Prince;2,2017-07-03 04:19:21
512,Boeing;1,Ryan,Tristan,Italy;5,South;2,Hubbard;12,2022-01-20 19:28:19
513,Boeing;1,Hogan,Brittany,Italy;5,West;3,Farrell;13,1985-06-24 15:01:48
514,Airbus;2,Calderon,Nicole,Italy;5,East;4,Hale;10,2009-08-24 12:19:51
515,Airbus;2,Reese,Elizabeth,France;1,North;1,Moore;4,2020-06-02 00:35:09
516,Airbus;2,Larson,Jason,Italy;5,South;2,Abbott;3,2023-12-26 13:49:41
517,Airbus;2,Kidd,Joe,Italy;5,South;2,Moore;4,2013-03-03 06:47:27
518,Boeing;1,Carrillo,Briana,Germany;3,South;2,Moore;4,2014-05-06 22:47:30
519,Airbus;2,Moore,Robert,Britain;2,North;1,Davila;16,2020-01-31 07:55:15
520,Airbus;2,Parks,Daniel,France;1,North;1,Moore;4,1996-12-08 05:04:58
521,Airbus;2,Patel,Danielle,Belgium;4,East;4,Hayden;9,2008-09-30 09:34:21
522,Airbus;2,Hill,Thomas,Germany;3,South;2,Farrell;13,1978-12-27 14:10:32
523,Airbus;2,Watson,Brian,Italy;5,West;3,Adams;17,2021-04-07 20:53:07
524,Airbus;2,Cline,Matthew,Italy;5,West;3,Farrell;13,2011-10-04 22:54:30
525,Boeing;1,Brown,Gregory,Belgium;4,West;3,Hale;10,1998-06-04 09:18:51
526,Boeing;1,Peterson,Matthew,Britain;2,South;2,Thompson;14,2004-04-26 09:52:40
527,Airbus;2,Harris,Rebecca,Britain;2,North;1,Prince;2,2012-11-19 20:12:35
528,Airbus;2,Garcia,Carla,France;1,South;2,Thompson;14,1983-01-16 02:18:11
529,Airbus;2,Williams,Maria,Italy;5,South;2,Brown;15,2009-05-31 13:11:42
530,Boeing;1,Horton,Ana,Britain;2,East;4,Hale;7,1976-08-28 19:07:09
531,Airbus;2,Moore,Timothy,Italy;5,East;4,Abbott;3,2015-06-03 08:41:34
532,Airbus;2,Gardner,Monica,Germany;3,North;1,Mcclain;6,1975-03-23 01:45:23
533,Boeing;1,Mcfarland,Mary,Germany;3,West;3,Doyle;5,1986-05-18 06:52:25
534,Airbus;2,Hughes,Brian,Germany;3,North;1,Johnston;8,2021-06-04 02:44:01
535,Airbus;2,Williams,Latoya,Germany;3,West;3,Sampson;19,1995-05-14 04:56:55
536,Boeing;1,Harris,Jessica,France;1,East;4,York;11,1995-05-03 09:48:10
537,Airbus;2,Harris,Maria,Italy;5,North;1,Hubbard;12,1977-08-15 04:04:01
538,Boeing;1,Sanders,Collin,Germany;3,North;1,Hale;10,1998-09-09 08:59:30
539,Airbus;2,Pearson,James,Britain;2,North;1,Davila;16,1973-11-11 17:29:00
540,Boeing;1,Johnson,Suzanne,Belgium;4,West;3,Davila;16,1996-11-30 07:54:12
541,Airbus;2,Logan,Sarah,Germany;3,West;3,Davila;16,2003-06-17 21:17:26
542,Boeing;1,Brown,Patrick,Britain;2,East;4,Mcclain;6,1984-05-25 00:44:12
543,Airbus;2,Johnson,Linda,France;1,East;4,Hayden;9,1993-10-23 01:26:21
544,Airbus;2,Porter,Jean,France;1,East;4,Johnston;8,1997-03-18 06:48:13
545,Airbus;2,Wood,Stephanie,Germany;3,South;2,York;11,2011-02-27 02:05:03
546,Airbus;2,Harris,Cindy,Belgium;4,North;1,Adams;17,1974-04-16 23:41:05
547,Airbus;2,Baker,Elizabeth,Italy;5,West;3,Hansen;18,1980-12-24 20:47:02
548,Airbus;2,Austin,Ian,Belgium;4,West;3,Hale;7,1979-09-16 09:58:06
549,Airbus;2,Hall,Christopher,Belgium;4,West;3,York;11,1973-06-08 16:34:42
550,Airbus;2,Jones,Aaron,Belgium;4,West;3,Hansen;18,1983-05-31 02:31:49
551,Boeing;1,Sanchez,Nancy,Britain;2,East;4,Thompson;14,1983-07-15 11:59:21
552,Airbus;2,Martinez,Colin,Britain;2,East;4,Hubbard;12,2009-08-01 02:24:44
553,Airbus;2,Mathis,Nicole,Belgium;4,South;2,Prince;2,2007-11-03 16:35:26
554,Boeing;1,Davidson,Sarah,Italy;5,East;4,Hubbard;12,2022-06-24 15:16:57
555,Airbus;2,Turner,Andrew,France;1,South;2,Abbott;3,2010-11-08 14:49:35
556,Boeing;1,Dougherty,Kathy,Britain;2,West;3,Mcdonald;20,2008-01-28 15:44:12
557,Boeing;1,Figueroa,Steven,Belgium;4,South;2,Hubbard;12,1987-09-17 03:09:00
558,Boeing;1,Miller,Miranda,Belgium;4,East;4,Sampson;19,2003-01-01 08:48:00
559,Boeing;1,Hardin,Wayne,Germany;3,East;4,Prince;2,2003-10-16 03:11:23
560,Boeing;1,Lynch,Brianna,Italy;5,South;2,Abbott;3,1998-10-12 16:50:05
561,Airbus;2,Brown,Edward,France;1,East;4,Johnston;8,2021-01-05 13:53:49
562,Airbus;2,Tucker,Tyler,Britain;2,West;3,Mcclain;6,1974-03-01 18:08:00
563,Boeing;1,Rollins,Richard,Germany;3,East;4,Owens;1,1981-12-06 06:11:28
564,Boeing;1,Gentry,Christine,Italy;5,East;4,Doyle;5,1995-04-08 11:42:43
565,Airbus;2,Montgomery,Anna,Britain;2,East;4,Farrell;13,1989-02-15 14:43:47
566,Airbus;2,Anderson,George,Germany;3,East;4,Mcclain;6,1973-01-04 21:29:26
567,Airbus;2,Aguilar,Isaac,Germany;3,North;1,Hubbard;12,1978-09-18 02:40:29
568,Boeing;1,Adams,Cody,Britain;2,North;1,Adams;17,1979-11-19 08:51:09
569,Airbus;2,Perez,Sheri,Italy;5,East;4,Owens;1,2003-01-19 19:08:40
570,Boeing;1,Wilson,Jessica,Italy;5,North;1,Prince;2,2000-04-08 18:52:57
571,Boeing;1,Butler,Daniel,France;1,North;1,Mcclain;6,1994-06-25 00:48:56
572,Boeing;1,Mathews,James,Germany;3,North;1,Prince;2,2010-12-26 07:58:52
573,Airbus;2,Spencer,Linda,Germany;3,East;4,Abbott;3,1973-06-04 12:15:31
574,Airbus;2,Ferguson,Gregory,Germany;3,East;4,York;11,1992-06-04 20:16:59
575,Boeing;1,Nichols,Steven,Britain;2,South;2,Doyle;5,2021-10-21 15:26:56
576,Airbus;2,Smith,Keith,France;1,South;2,Hayden;9,2012-03-22 05:50:48
577,Boeing;1,Rose,April,Belgium;4,North;1,Doyle;5,1981-06-13 00:47:07
578,Airbus;2,Bryant,Steven,Britain;2,East;4,Mcclain;6,1989-12-31 23:16:32
579,Airbus;2,Fitzgerald,Patricia,Belgium;4,West;3,Mcdonald;20,1996-11-01 16:40:35
580,Boeing;1,Rodriguez,Katie,Italy;5,North;1,Thompson;14,1987-01-11 05:22:29
581,Boeing;1,Mitchell,Angel,Italy;5,South;2,York;11,1976-08-13 20:30:45
582,Airbus;2,Smith,Sarah,Belgium;4,North;1,Sampson;19,1997-04-10 23:46:44
583,Airbus;2,Taylor,Taylor,Italy;5,South;2,Davila;16,1985-12-29 22:07:45
584,Airbus;2,Brady,Janet,France;1,North;1,Mcclain;6,2006-09-24 19:17:27
585,Airbus;2,Hartman,Donald,Germany;3,North;1,Hubbard;12,1990-11-10 08:48:57
586,Boeing;1,Arnold,Jerry,Belgium;4,North;1,Hale;10,2012-02-27 05:05:58
587,Boeing;1,Baldwin,Thomas,France;1,North;1,Davila;16,1972-08-15 04:36:42
588,Boeing;1,Chambers,Evan,Italy;5,North;1,Hansen;18,2007-04-19 10:15:42
589,Boeing;1,Smith,Matthew,France;1,West;3,Mcclain;6,2011-06-16 19:48:40
590,Airbus;2,Ortega,Brian,Britain;2,North;1,Hubbard;12,1975-04-08 09:03:51
591,Airbus;2,Rodriguez,Thomas,Britain;2,South;2,Hale;10,2011-10-12 10:12:35
592,Boeing;1,Robinson,Holly,France;1,North;1,Mcdonald;20,1978-09-02 01:53:36
593,Boeing;1,Estrada,John,Britain;2,East;4,Moore;4,1973-09-25 21:34:13
594,Boeing;1,Joyce,Brittany,Belgium;4,East;4,Prince;2,1986-10-23 18:57:47
595,Airbus;2,Taylor,Joshua,Belgium;4,West;3,Farrell;13,1975-10-31 23:55:50
596,Boeing;1,Higgins,Martha,Germany;3,West;3,Mcdonald;20,1995-08-30 03:50:36
597,Airbus;2,Marsh,Whitney,Italy;5,West;3,Mcclain;6,2010-03-11 08:01:39
598,Airbus;2,Esparza,Mark,Germany;3,South;2,Hansen;18,1983-09-16 17:54:20
599,Boeing;1,Torres,Sarah,Italy;5,West;3,Abbott;3,2005-01-13 20:57:20
600,Boeing;1,Davis,Ryan,Belgium;4,North;1,Abbott;3,2019-01-02 14:59:48
601,Boeing;1,Glass,Michael,Belgium;4,North;1,Thompson;14,2017-09-15 00:01:34
602,Airbus;2,Bailey,Brandon,Belgium;4,West;3,Hale;10,1986-06-17 10:39:15
603,Airbus;2,Davis,Michael,France;1,South;2,Owens;1,1979-05-29 08:23:59
604,Airbus;2,Sanchez,Jordan,Britain;2,North;1,Abbott;3,1975-07-13 04:34:13
605,Boeing;1,King,Pamela,Belgium;4,South;2,Hansen;18,1993-09-29 01:25:53
606,Airbus;2,Benson,Tristan,Belgium;4,North;1,Prince;2,1991-11-04 21:28:34
607,Airbus;2,Stephens,Robert,Germany;3,North;1,Sampson;19,1990-01-18 06:46:10
608,Airbus;2,Martin,Albert,Britain;2,North;1,Mcclain;6,1973-08-03 21:10:31
609,Airbus;2,Perkins,Damon,Italy;5,South;2,Adams;17,2005-06-15 12:35:49
610,Airbus;2,Lewis,Vanessa,Britain;2,South;2,Hayden;9,1999-03-23 14:07:38
611,Airbus;2,Kelly,Jessica,Germany;3,South;2,Johnston;8,1999-08-16 16:35:59
612,Airbus;2,Phillips,Juan,France;1,North;1,Mcdonald;20,1997-06-27 06:16:59
613,Boeing;1,Franklin,Erin,France;1,East;4,Farrell;13,1973-10-05 08:57:32
614,Boeing;1,Long,Jeffrey,Italy;5,East;4,Hayden;9,1988-10-21 04:01:59
615,Airbus;2,Brennan,Rebecca,France;1,North;1,York;11,1972-10-11 22:32:05
616,Airbus;2,Newman,Maria,Italy;5,South;2,Abbott;3,2001-05-18 13:19:08
617,Boeing;1,Hines,Andre,Britain;2,North;1,Prince;2,2014-11-02 14:34:11
618,Airbus;2,Hicks,Lisa,Belgium;4,South;2,Brown;15,2014-12-07 14:36:38
619,Airbus;2,Coleman,Lori,Britain;2,East;4,Hubbard;12,1993-06-16 09:21:34
620,Airbus;2,Garcia,Mary,Britain;2,North;1,Hansen;18,2002-07-28 01:51:05
621,Airbus;2,Davis,Timothy,Belgium;4,East;4,Prince;2,1992-07-04 16:41:24
622,Airbus;2,Hernandez,Gary,Italy;5,South;2,Johnston;8,2008-08-23 15:26:08
623,Boeing;1,Stevens,Dennis,France;1,South;2,Brown;15,2011-01-03 21:40:42
624,Boeing;1,Guerrero,Timothy,France;1,North;1,York;11,2010-03-08 00:50:51
625,Boeing;1,Kelly,Douglas,Belgium;4,North;1,Mcdonald;20,1976-12-25 20:24:08
626,Airbus;2,Wilson,Earl,Germany;3,West;3,Adams;17,2018-08-03 14:31:30
627,Airbus;2,Johnston,Ruth,Britain;2,South;2,Farrell;13,1989-01-21 07:24:01
628,Boeing;1,Strickland,Jennifer,Britain;2,South;2,Doyle;5,1985-03-20 17:28:49
629,Boeing;1,Lynn,Jim,France;1,West;3,Farrell;13,2012-06-14 15:02:51
630,Airbus;2,Parker,Allen,France;1,South;2,Moore;4,1970-01-16 03:24:29
631,Airbus;2,Cook,Dennis,Italy;5,East;4,Abbott;3,2008-07-25 05:35:41
632,Boeing;1,Koch,Christopher,Belgium;4,East;4,Hubbard;12,1971-09-25 06:04:50
633,Boeing;1,Rivera,Dennis,France;1,North;1,Abbott;3,1989-09-06 02:14:05
634,Boeing;1,Wallace,Shirley,Italy;5,South;2,Johnston;8,2006-10-18 05:14:18
635,Boeing;1,Hart,Kaitlyn,Belgium;4,East;4,Thompson;14,2008-12-19 02:31:20
636,Boeing;1,Fowler,Michael,Britain;2,East;4,Adams;17,1987-01-04 03:44:50
637,Boeing;1,Bauer,Yvonne,France;1,North;1,Davila;16,2017-02-25 17:31:04
638,Airbus;2,Patel,Jessica,Belgium;4,South;2,Hayden;9,1984-09-25 19:35:08
639,Airbus;2,Baker,Melissa,Italy;5,East;4,Johnston;8,1984-12-06 06:43:34
640,Boeing;1,Brown,Sandra,Britain;2,North;1,Adams;17,1991-01-23 06:43:48
641,Boeing;1,Scott,Donald,Britain;2,South;2,Mcclain;6,2009-07-21 12:17:33
642,Boeing;1,Perez,Robert,Italy;5,South;2,Hale;10,1990-09-27 13:25:26
643,Airbus;2,Smith,Justin,Italy;5,North;1,Prince;2,2005-01-19 00:37:11
644,Boeing;1,Salazar,James,Britain;2,East;4,Abbott;3,2022-04-01 17:18:23
645,Airbus;2,Barrett,Susan,Germany;3,South;2,Thompson;14,1991-08-02 12:23:26
646,Boeing;1,Thomas,Julie,Germany;3,North;1,Moore;4,1971-08-20 15:20:45
647,Airbus;2,Marshall,Devon,France;1,East;4,Hubbard;12,1996-06-18 03:44:50
648,Airbus;2,Burton,Daniel,Germany;3,South;2,Sampson;19,1978-07-28 21:42:57
649,Airbus;2,Simpson,Christine,France;1,North;1,Mcdonald;20,2016-11-26 23:07:33
650,Boeing;1,Simon,Tiffany,Italy;5,South;2,Doyle;5,2013-05-10 13:17:08
651,Boeing;1,Anderson,Joshua,France;1,South;2,Hale;7,2012-11-23 19:58:03
652,Airbus;2,Brown,Jack,Germany;3,East;4,Abbott;3,2012-10-09 22:11:41
653,Boeing;1,Simmons,Hector,Britain;2,East;4,Owens;1,1978-10-12 16:46:05
654,Boeing;1,Valentine,Shelby,Italy;5,North;1,York;11,2000-07-12 17:24:46
655,Boeing;1,Russell,Sherry,Germany;3,West;3,Mcdonald;20,1995-11-14 07:15:58
656,Boeing;1,Mccoy,Crystal,Italy;5,West;3,Moore;4,2006-04-12 15:22:05
657,Boeing;1,Stewart,David,Germany;3,North;1,Hayden;9,1993-02-05 17:21:05
658,Boeing;1,Neal,Angela,Italy;5,West;3,Doyle;5,1983-02-19 04:16:07
659,Airbus;2,Bradley,Rhonda,Italy;5,North;1,Johnston;8,1975-05-26 18:38:06
660,Airbus;2,Owens,Cody,France;1,West;3,Davila;16,1986-08-14 10:35:32
661,Airbus;2,Carter,Sandra,Germany;3,South;2,Adams;17,2012-04-15 14:41:32
662,Boeing;1,Hernandez,Megan,Germany;3,West;3,Brown;15,2000-10-31 20:11:44
663,Boeing;1,Humphrey,Jonathan,Germany;3,East;4,Sampson;19,1983-05-14 16:54:54
664,Airbus;2,Mercer,Thomas,Italy;5,West;3,Brown;15,1996-12-23 10:35:45
665,Airbus;2,Johnson,Jeff,France;1,East;4,Prince;2,1982-04-15 14:05:06
666,Boeing;1,Fisher,Christopher,Germany;3,North;1,Moore;4,2007-06-22 04:51:04
667,Airbus;2,Elliott,Christine,Italy;5,South;2,Mcclain;6,2013-11-17 08:42:37
668,Airbus;2,Brown,Timothy,Britain;2,North;1,Brown;15,2023-10-20 01:02:46
669,Airbus;2,Jacobs,Jonathan,Britain;2,South;2,Davila;16,1996-04-28 18:22:39
670,Airbus;2,Price,Andrea,Germany;3,North;1,Hale;7,2011-10-22 16:41:59
671,Airbus;2,Griffin,Teresa,Italy;5,West;3,York;11,2021-03-28 19:55:27
672,Boeing;1,Anderson,Christina,France;1,West;3,Doyle;5,1982-03-12 23:32:48
673,Boeing;1,Wilson,Bryan,Britain;2,North;1,Brown;15,2004-12-03 11:41:54
674,Boeing;1,Duran,Sally,France;1,North;1,Hubbard;12,1987-09-21 14:52:04
675,Boeing;1,Valdez,Leah,France;1,East;4,Mcdonald;20,1981-12-22 00:47:43
676,Airbus;2,Nguyen,Ashley,Germany;3,West;3,Farrell;13,1976-04-15 20:47:48
677,Boeing;1,Little,Clinton,Belgium;4,South;2,Hansen;18,2017-10-21 11:26:03
678,Airbus;2,Montes,David,France;1,East;4,Hubbard;12,2015-02-03 22:18:53
679,Boeing;1,Shea,Thomas,France;1,East;4,Abbott;3,1999-04-06 10:22:24
680,Boeing;1,Greer,Sherry,Italy;5,East;4,Abbott;3,2011-01-02 19:50:11
681,Boeing;1,Stewart,Yvonne,Italy;5,East;4,Hayden;9,1978-06-07 14:53:35
682,Airbus;2,Nguyen,Brian,Germany;3,West;3,Mcdonald;20,1992-01-02 08:05:17
683,Boeing;1,Clarke,Kayla,Germany;3,South;2,Owens;1,1974-01-14 07:34:34
684,Airbus;2,Mason,David,Britain;2,East;4,Thompson;14,1990-07-11 05:51:47
685,Airbus;2,Horton,Evan,Belgium;4,South;2,Prince;2,2007-10-28 06:27:11
686,Airbus;2,Nguyen,Stephanie,Belgium;4,West;3,Prince;2,1988-05-24 04:45:39
687,Boeing;1,Perez,Michael,Britain;2,North;1,Davila;16,2006-09-05 12:04:59
688,Airbus;2,Obrien,Melissa,Britain;2,East;4,Hansen;18,1997-04-19 21:50:17
689,Airbus;2,Washington,Carol,Belgium;4,North;1,York;11,1984-12-21 18:27:12
690,Boeing;1,Hall,Dominique,Italy;5,East;4,Hubbard;12,1985-05-04 23:19:05
691,Boeing;1,Long,John,Belgium;4,West;3,Mcclain;6,2012-04-03 13:32:14
692,Airbus;2,Jackson,Jeffrey,Germany;3,West;3,Hale;7,2004-09-16 18:46:03
693,Boeing;1,Stewart,Paul,France;1,East;4,Thompson;14,1978-10-06 08:11:43
694,Airbus;2,Welch,John,Britain;2,South;2,Owens;1,1992-02-28 05:49:31
695,Airbus;2,Bartlett,Christopher,France;1,West;3,Johnston;8,2005-11-18 09:18:52
696,Airbus;2,Duarte,Michael,Italy;5,North;1,Hale;7,2003-05-08 12:05:38
697,Boeing;1,Knight,Mary,Germany;3,East;4,Farrell;13,2009-07-19 02:35:26
698,Boeing;1,Williamson,Tiffany,Belgium;4,West;3,Hale;10,1992-06-14 02:41:14
699,Boeing;1,Smith,Cameron,Germany;3,North;1,Mcclain;6,1984-07-06 04:56:09
700,Airbus;2,Taylor,Marco,Britain;2,East;4,Hansen;18,2008-10-09 22:35:42
